title,first_listed_author,contributor,isbn10,isbn13,bestsellers_list,rank,rank_last_week,weeks_on_list,bestsellers_date,publisher
it starts with us,colleen hoover, colleen hoover,1668001225,9781668001226.0,combined print and e-book fiction,1,3,18,2023-02-18,atria
it ends with us,colleen hoover, colleen hoover,1501110365,9781501110368.0,combined print and e-book fiction,2,2,88,2023-02-18,atria
heart bones,colleen hoover, colleen hoover,1668021919,9781668021910.0,combined print and e-book fiction,3,4,3,2023-02-18,atria
lessons in chemistry,bonnie garmus, bonnie garmus,038554734x,9780385547345.0,combined print and e-book fiction,4,5,15,2023-02-18,doubleday
verity,colleen hoover, colleen hoover,1538724731,9781538724736.0,combined print and e-book fiction,5,8,63,2023-02-18,grand central
the seven husbands of evelyn hugo,taylor jenkins reid, taylor jenkins reid,1501161938,9781501161933.0,combined print and e-book fiction,6,9,85,2023-02-18,washington square/atria
ugly love,colleen hoover, colleen hoover,1476753180,9781476753188.0,combined print and e-book fiction,7,10,58,2023-02-18,atria
daisy jones & the six,taylor jenkins reid, taylor jenkins reid,1524798649,9781524798642.0,combined print and e-book fiction,8,0,7,2023-02-18,ballantine
"tomorrow, and tomorrow, and tomorrow",gabrielle zevin, gabrielle zevin,0593321200,9780593321201.0,combined print and e-book fiction,9,14,10,2023-02-18,knopf
someone else's shoes,jojo moyes, jojo moyes,1984879294,9781984879295.0,combined print and e-book fiction,10,6,2,2023-02-18,pamela dorman
3 days to live,james patterson, james patterson,153875276x,9781538752760.0,combined print and e-book fiction,11,0,1,2023-02-18,grand central
the last orphan,gregg hurwitz, gregg hurwitz,1250252334,9781250252333.0,combined print and e-book fiction,12,0,1,2023-02-18,minotaur
things we never got over,lucy score, lucy score,194563183x,9781945631832.0,combined print and e-book fiction,13,0,3,2023-02-18,bloom
the silent patient,alex michaelides, alex michaelides,125030170x,9781250301703.0,combined print and e-book fiction,14,15,59,2023-02-18,celadon
demon copperhead,barbara kingsolver, barbara kingsolver,0063251922,9780063251922.0,combined print and e-book fiction,15,0,14,2023-02-18,harper
spare,prince harry, prince harry,0593593804,9780593593806.0,combined print and e-book nonfiction,1,1,6,2023-02-18,random house
the body keeps the score,bessel van der kolk, bessel van der kolk,0143127748,9780143127741.0,combined print and e-book nonfiction,2,2,130,2023-02-18,penguin
unscripted,james b. stewart , james b. stewart / rachel abrams,1984879421,9781984879424.0,combined print and e-book nonfiction,3,0,1,2023-02-18,penguin press
i'm glad my mom died,jennette mccurdy, jennette mccurdy,1982185821,9781982185824.0,combined print and e-book nonfiction,4,3,28,2023-02-18,simon & schuster
caste,isabel wilkerson, isabel wilkerson,0593230272,9780593230275.0,combined print and e-book nonfiction,5,0,58,2023-02-18,random house
the light we carry,michelle obama, michelle obama,0593237463,9780593237465.0,combined print and e-book nonfiction,6,5,14,2023-02-18,crown
"love, pamela",pamela , pamela /erson,0063226561,9780063226562.0,combined print and e-book nonfiction,7,4,3,2023-02-18,dey street
bittersweet,susan cain, susan cain,0451499786,9780451499783.0,combined print and e-book nonfiction,8,0,4,2023-02-18,crown
the climate book,greta thunberg, greta thunberg,0593492307,9780593492307.0,combined print and e-book nonfiction,9,0,1,2023-02-18,penguin press
the nazi conspiracy,brad meltzer , brad meltzer / josh mensch,1250777267,9781250777263.0,combined print and e-book nonfiction,10,9,6,2023-02-18,flatiron
walk the blue line,james patterson , james patterson / matt eversmann / chris mooney,0316406600,9780316406604.0,combined print and e-book nonfiction,11,14,2,2023-02-18,"little, brown"
killers of the flower moon,david grann, david grann,0385534256,9780385534253.0,combined print and e-book nonfiction,12,0,71,2023-02-18,doubleday
all about love,bell hooks, bell hooks,0060959479,9780060959470.0,combined print and e-book nonfiction,13,10,37,2023-02-18,morrow
never give an inch,mike pompeo, mike pompeo,0063247445,9780063247444.0,combined print and e-book nonfiction,14,7,4,2023-02-18,broadside
"friends, lovers, and the big terrible thing",matthew perry, matthew perry,1250866448,9781250866448.0,combined print and e-book nonfiction,15,8,16,2023-02-18,flatiron
lessons in chemistry,bonnie garmus, bonnie garmus,038554734x,9780385547345.0,hardcover fiction,1,3,41,2023-02-18,doubleday
"tomorrow, and tomorrow, and tomorrow",gabrielle zevin, gabrielle zevin,0593321200,9780593321201.0,hardcover fiction,2,4,21,2023-02-18,knopf
someone else's shoes,jojo moyes, jojo moyes,1984879294,9781984879295.0,hardcover fiction,3,2,2,2023-02-18,pamela dorman
demon copperhead,barbara kingsolver, barbara kingsolver,0063251922,9780063251922.0,hardcover fiction,4,6,18,2023-02-18,harper
the boys from biloxi,john grisham, john grisham,0385548923,9780385548922.0,hardcover fiction,5,10,18,2023-02-18,doubleday
the house in the pines,ana reyes, ana reyes,0593186710,9780593186718.0,hardcover fiction,6,5,7,2023-02-18,dutton
encore in death,j.d. robb, j.d. robb,1250284082,9781250284082.0,hardcover fiction,7,1,2,2023-02-18,st. martin's
fairy tale,stephen king, stephen king,1668002175,9781668002179.0,hardcover fiction,8,12,24,2023-02-18,scribner
mad honey,jodi picoult , jodi picoult / jennifer finney boylan,1984818384,9781984818386.0,hardcover fiction,9,8,20,2023-02-18,ballantine
the midnight library,matt haig, matt haig,0525559477,9780525559474.0,hardcover fiction,10,14,104,2023-02-18,viking
the house of wolves,james patterson , james patterson / mike lupica,0316404292,9780316404297.0,hardcover fiction,11,11,6,2023-02-18,"little, brown"
remarkably bright creatures,shel van pelt, shel van pelt,0063204150,9780063204157.0,hardcover fiction,12,0,5,2023-02-18,ecco
the house of eve,sadeqa johnson, sadeqa johnson,1982197366,9781982197360.0,hardcover fiction,13,13,2,2023-02-18,simon & schuster
the last orphan,gregg hurwitz, gregg hurwitz,1250252326,9781250252326.0,hardcover fiction,14,0,1,2023-02-18,minotaur
victory city,salman rushdie, salman rushdie,0593243390,9780593243398.0,hardcover fiction,15,7,2,2023-02-18,random house
spare,prince harry, prince harry,0593593804,9780593593806.0,hardcover nonfiction,1,1,6,2023-02-18,random house
the light we carry,michelle obama, michelle obama,0593237463,9780593237465.0,hardcover nonfiction,2,4,14,2023-02-18,crown
i'm glad my mom died,jennette mccurdy, jennette mccurdy,1982185821,9781982185824.0,hardcover nonfiction,3,2,28,2023-02-18,simon & schuster
unscripted,james b. stewart , james b. stewart / rachel abrams,1984879421,9781984879424.0,hardcover nonfiction,4,0,1,2023-02-18,penguin press
"love, pamela",pamela , pamela /erson,0063226561,9780063226562.0,hardcover nonfiction,5,3,3,2023-02-18,dey street
the climate book,greta thunberg, greta thunberg,0593492307,9780593492307.0,hardcover nonfiction,6,0,1,2023-02-18,penguin press
bittersweet,susan cain, susan cain,0451499786,9780451499783.0,hardcover nonfiction,7,0,5,2023-02-18,crown
the nazi conspiracy,brad meltzer , brad meltzer / josh mensch,1250777267,9781250777263.0,hardcover nonfiction,8,6,6,2023-02-18,flatiron
walk the blue line,james patterson , james patterson / matt eversmann / chris mooney,0316406600,9780316406604.0,hardcover nonfiction,9,0,1,2023-02-18,"little, brown"
never give an inch,mike pompeo, mike pompeo,0063247445,9780063247444.0,hardcover nonfiction,10,5,4,2023-02-18,broadside
the 1619 project,"edited  nikole hannah-jones, caitlin roper, ilena silverman ","edited  nikole hannah-jones, caitlin roper, ilena silverman / jake silverstein",0593230574,9780593230572.0,hardcover nonfiction,11,9,33,2023-02-18,one world
straight shooter,stephen a. smith, stephen a. smith,1982189495,9781982189495.0,hardcover nonfiction,12,10,5,2023-02-18,gallery/13a
greenlights,matthew mcconaughey, matthew mcconaughey,0593139135,9780593139134.0,hardcover nonfiction,13,14,86,2023-02-18,crown
"friends, lovers, and the big terrible thing",matthew perry, matthew perry,1250866448,9781250866448.0,hardcover nonfiction,14,12,16,2023-02-18,flatiron
finding me,viola davis, viola davis,0063037327,9780063037328.0,hardcover nonfiction,15,11,28,2023-02-18,harperone
it starts with us,colleen hoover, colleen hoover,1668001225,9781668001226.0,trade fiction paperback,1,1,18,2023-02-18,atria
heart bones,colleen hoover, colleen hoover,1668021919,9781668021910.0,trade fiction paperback,2,3,3,2023-02-18,atria
it ends with us,colleen hoover, colleen hoover,1501110365,9781501110368.0,trade fiction paperback,3,2,94,2023-02-18,atria
verity,colleen hoover, colleen hoover,1538724731,9781538724736.0,trade fiction paperback,4,4,80,2023-02-18,grand central
the seven husbands of evelyn hugo,taylor jenkins reid, taylor jenkins reid,1501161938,9781501161933.0,trade fiction paperback,5,7,102,2023-02-18,washington square/atria
ugly love,colleen hoover, colleen hoover,1476753180,9781476753188.0,trade fiction paperback,6,6,82,2023-02-18,atria
daisy jones & the six,taylor jenkins reid, taylor jenkins reid,1524798649,9781524798642.0,trade fiction paperback,7,12,14,2023-02-18,ballantine
the silent patient,alex michaelides, alex michaelides,125030170x,9781250301703.0,trade fiction paperback,8,11,79,2023-02-18,celadon
things we never got over,lucy score, lucy score,194563183x,9781945631832.0,trade fiction paperback,9,13,20,2023-02-18,bloom
november 9,colleen hoover, colleen hoover,1501110349,9781501110344.0,trade fiction paperback,10,10,66,2023-02-18,atria
secretly yours,tessa bailey, tessa bailey,0063238985,9780063238985.0,trade fiction paperback,11,5,2,2023-02-18,avon
icebreaker,hannah grace, hannah grace,1668026031,9781668026038.0,trade fiction paperback,12,8,2,2023-02-18,atria
maybe someday,colleen hoover, colleen hoover,1476753164,9781476753164.0,trade fiction paperback,13,0,30,2023-02-18,atria
where the crawdads sing,delia owens, delia owens,0735219109,9780735219106.0,trade fiction paperback,14,15,99,2023-02-18,putnam
the maid,nita prose, nita prose,0593356179,9780593356173.0,trade fiction paperback,15,0,6,2023-02-18,ballantine
sweet tomorrows,debbie macomber, debbie macomber,0553391860,9780553391862.0,mass market paperback,1,1,3,2017-01-14,ballantine
the murder house,james patterson , james patterson / david ellis,1455589918,9781455589913.0,mass market paperback,2,2,4,2017-01-14,vision
apprentice in death,j d robb, j. d. robb,1101987995,9781101987995.0,mass market paperback,3,3,2,2017-01-14,berkley
a dog's purpose,w bruce cameron, w. bruce cameron,0765388103,9780765388100.0,mass market paperback,4,5,6,2017-01-14,forge
mulberry moon,catherine , catherine /erson,0451488024,9780451488022.0,mass market paperback,5,4,2,2017-01-14,jove
crash and burn,fern michaels, fern michaels,1420140655,9781420140651.0,mass market paperback,6,6,3,2017-01-14,zebra
breakdown,jonathan kellerman, jonathan kellerman,0345541421,9780345541420.0,mass market paperback,7,8,3,2017-01-14,ballantine
the girl on the train,paula hawkins, paula hawkins,0735212163,9780735212169.0,mass market paperback,8,9,21,2017-01-14,riverhead
the 14th colony,steve berry, steve berry,1250058457,9781250058454.0,mass market paperback,9,0,1,2017-01-14,minotaur
wyoming brave,diana palmer, diana palmer,0373789947,9780373789948.0,mass market paperback,10,7,3,2017-01-14,hqn
war hawk,james rollins , james rollins / grant blackwood,0062135295,9780062135292.0,mass market paperback,11,0,0,2017-01-14,morrow
property of a noblewoman,danielle steel, danielle steel,0425285391,9780425285398.0,mass market paperback,12,0,0,2017-01-14,dell
clawback,j a jance, j. a. jance,1501110799,9781501110795.0,mass market paperback,13,0,0,2017-01-14,pocket books
troublemaker,linda howard, linda howard,0062418998,9780062418999.0,mass market paperback,14,0,0,2017-01-14,avon
tricky twenty-two,janet evanovich, janet evanovich,0345542975,9780345542977.0,mass market paperback,15,0,0,2017-01-14,random house
the body keeps the score,bessel van der kolk, bessel van der kolk,0143127748,9780143127741.0,paperback nonfiction,1,1,226,2023-02-18,penguin
caste,isabel wilkerson, isabel wilkerson,0593230272,9780593230275.0,paperback nonfiction,2,0,1,2023-02-18,random house
all about love,bell hooks, bell hooks,0060959479,9780060959470.0,paperback nonfiction,3,2,63,2023-02-18,morrow
braiding sweetgrass,robin wall kimmerer, robin wall kimmerer,1571313567,9781571313560.0,paperback nonfiction,4,3,149,2023-02-18,milkweed editions
the nineties,chuck klosterman, chuck klosterman,0735217963,9780735217966.0,paperback nonfiction,5,5,3,2023-02-18,penguin
"thinking, fast and slow",daniel kahneman, daniel kahneman,0374533555,9780374533557.0,paperback nonfiction,6,6,350,2023-02-18,"farrar, straus & giroux"
quiet,susan cain, susan cain,0307352153,9780307352156.0,paperback nonfiction,7,12,177,2023-02-18,broadway
born a crime,trevor noah, trevor noah,0399588191,9780399588198.0,paperback nonfiction,8,8,186,2023-02-18,one world
the january 6th report,the select committee to investigate the jan. 6 attack on the united states capitol, the select committee to investigate the jan. 6 attack on the united states capitol,1250877520,9781250877529.0,paperback nonfiction,9,7,8,2023-02-18,celadon
talking to strangers,malcolm gladwell, malcolm gladwell,0316299227,9780316299220.0,paperback nonfiction,10,9,73,2023-02-18,back bay
grit,angela duckworth, angela duckworth,1501111116,9781501111112.0,paperback nonfiction,11,11,136,2023-02-18,scribner
how to be an antiracist,ibram x. kendi, ibram x. kendi,0525509305,9780525509301.0,paperback nonfiction,12,13,2,2023-02-18,one world
killers of the flower moon,david grann, david grann,0307742482,9780307742483.0,paperback nonfiction,13,0,104,2023-02-18,vintage
dopamine nation,anna lembke, anna lembke,1524746746,9781524746742.0,paperback nonfiction,14,0,4,2023-02-18,dutton
how the word is passed,clint smith, clint smith,0316492922,9780316492928.0,paperback nonfiction,15,15,8,2023-02-18,back bay
full package,lauren blakely, lauren blakely,none,,e-book fiction,1,0,1,2017-01-14,lauren blakely
the guernsey literary and potato peel pie society,mary ann shaffer , mary ann shaffer / annie barrows,0440337976,9780440337973.0,e-book fiction,2,0,2,2017-01-14,dial
the whistler,john grisham, john grisham,0385541201,9780385541206.0,e-book fiction,3,4,12,2017-01-14,doubleday
ring of fire,brad taylor, brad taylor,none,9781101984772.0,e-book fiction,4,0,1,2017-01-14,dutton
small great things,jodi picoult, jodi picoult,034554496x,9780345544964.0,e-book fiction,5,7,9,2017-01-14,ballantine
shelter for adeline,susan stoker, susan stoker,none,,e-book fiction,6,0,1,2017-01-14,stoker aces production
a man called ove,fredrik backman, fredrik backman,none,9781476738031.0,e-book fiction,7,9,3,2017-01-14,atria
the mistress,danielle steel, danielle steel,0425285359,9780425285350.0,e-book fiction,8,2,2,2017-01-14,delacorte
the guests on south battery,karen white, karen white,,9780698193000.0,e-book fiction,9,0,1,2017-01-14,berkley
no man's land,david baldacci, david baldacci,1455586498,9781455586493.0,e-book fiction,10,0,8,2017-01-14,grand central
below the belt,stuart woods, stuart woods,none,9780399574184.0,e-book fiction,11,0,0,2017-01-14,putnam
cross the line,james patterson, james patterson,031640716x,9780316407168.0,e-book fiction,12,0,0,2017-01-14,"little, brown"
the dry,jane harper, jane harper,1250105617,9781250105615.0,e-book fiction,13,0,0,2017-01-14,flatiron
a dog's purpose,w bruce cameron, w. bruce cameron,1429960272,9781429960274.0,e-book fiction,14,0,0,2017-01-14,forge
the sleepwalker,chris bohjalian, chris bohjalian,0385538928,9780385538923.0,e-book fiction,15,0,0,2017-01-14,doubleday
hidden figures,margot lee shetterly, margot lee shetterly,0062363611,9780062363619.0,e-book nonfiction,1,4,5,2017-01-14,morrow/harpercollins
hillbilly elegy,j.d. vance, j.d. vance,0062300563,9780062300560.0,e-book nonfiction,2,2,25,2017-01-14,harpercollins
unsinkable,debbie reynolds , debbie reynolds / dorian hannaway,,9780062213679.0,e-book nonfiction,3,0,7,2017-01-14,morrow
the lost city of the monkey god,douglas preston, douglas preston,1455540021,9781455540020.0,e-book nonfiction,4,1,2,2017-01-14,grand central
wishful drinking,carrie fisher, carrie fisher,1439153809,9781439153802.0,e-book nonfiction,5,3,3,2017-01-14,simon & schuster
three days in january,bret baier with catherine whitney, bret baier / catherine whitney,0062569066,9780062569066.0,e-book nonfiction,6,0,1,2017-01-14,morrow/harpercollins
killing the rising sun,bill o'reilly , bill o'reilly / martin dugard,1627790632,9781627790635.0,e-book nonfiction,7,5,17,2017-01-14,holt
when breath becomes air,paul kalanithi, paul kalanithi,0812988418,9780812988413.0,e-book nonfiction,8,6,48,2017-01-14,random house
the undoing project,michael lewis, michael lewis,0393254607,9780393254600.0,e-book nonfiction,9,8,5,2017-01-14,norton
the princess diarist,carrie fisher, carrie fisher,none,9780698188365.0,e-book nonfiction,10,7,3,2017-01-14,blue rider
alexander hamilton,ron chernow, ron chernow,none,9781101200858.0,e-book nonfiction,11,0,0,2017-01-14,penguin
the magnolia story,chip gaines , chip gaines / joanna gaines / mark dagostino,0718081536,9780718081539.0,e-book nonfiction,12,0,0,2017-01-14,w publishing/thomas nelson
born a crime,trevor noah, trevor noah,0399588183,9780399588181.0,e-book nonfiction,13,0,0,2017-01-14,spiegel & grau
troublemaker,leah remini , leah remini / rebecca paley,1101886978,9781101886977.0,e-book nonfiction,14,0,0,2017-01-14,ballantine
thank you for being late,thomas l friedman, thomas l. friedman,0374715149,9780374715144.0,e-book nonfiction,15,0,0,2017-01-14,"farrar, straus & giroux"
it's all good,gwyneth paltrow , gwyneth paltrow / julia turshen,1455522716,9781455522712.0,hardcover advice,1,0,1,2013-04-06,grand central life & style
the fastdiet,michael mosley , michael mosley / mimi spencer,1476734941,9781476734941.0,hardcover advice,2,0,6,2013-04-06,atria
daring greatly,brené brown, brené brown,1592407331,9781592407330.0,hardcover advice,3,0,8,2013-04-06,gotham
life code,phil mcgraw, phil mcgraw,0985462736,9780985462734.0,hardcover advice,4,0,8,2013-04-06,bird street
the tapping solution,nick ortner, nick ortner,1401939414,9781401939410.0,hardcover advice,5,0,1,2013-04-06,hay house
shred: the revolutionary diet,ian k smith, ian k. smith,1250035864,9781250035868.0,hardcover advice,6,0,14,2013-04-06,st. martin's
wheat belly,william davis, william davis,1609611543,9781609611545.0,hardcover advice,7,0,50,2013-04-06,rodale
"making good habits, breaking bad habits",joyce meyer, joyce meyer,1455517380,9781455517381.0,hardcover advice,8,0,1,2013-04-06,faithwords
the key is love,marie osmond with marcia wilkie, marie osmond / marcia wilkie,0451240316,9780451240316.0,hardcover advice,9,0,1,2013-04-06,new american library
one thing,gary keller with jay papasan, gary keller / jay papasan,1885167776,9781885167774.0,hardcover advice,10,0,1,2013-04-06,bard press
decisive,chip heath , chip heath / dan heath,0307956393,9780307956392.0,hardcover advice,11,0,0,2013-04-06,crown business
firsthand,ryan , ryan / josh shook,0307886298,9780307886293.0,hardcover advice,12,0,0,2013-04-06,waterbrook
"the legend of zelda, hyrule historia",patrick thorpe ," patrick thorpe / michael gombos, et al.",1616550414,9781616550417.0,hardcover advice,13,0,0,2013-04-06,dark horse
wheat belly cookbook,william davis, william davis,1609619366,9781609619367.0,hardcover advice,14,0,0,2013-04-06,rodale
the drunken botanist,amy stewart, amy stewart,1616200464,9781616200466.0,hardcover advice,15,0,0,2013-04-06,algonquin
obamacare survival guide,nick tate, nick tate,0893348627,9780893348625.0,paperback advice,1,0,10,2013-04-06,humanix
the five love languages,gary chapman, gary chapman,0802473156,9780802473158.0,paperback advice,2,0,297,2013-04-06,northfield
the beauty detox foods,kimberly snyder, kimberly snyder,0373892640,9780373892648.0,paperback advice,3,0,2,2013-04-06,harlequin
what to expect when you're expecting,heidi murkoff , heidi murkoff / sharon mazel,0761148574,9780761148579.0,paperback advice,4,0,607,2013-04-06,workman
the gifts of imperfection,brené brown, brené brown,159285849x,9781592858491.0,paperback advice,5,0,2,2013-04-06,hazelden
forks over knives: the cookbook,del sroufe, del sroufe,1615190619,9781615190614.0,paperback advice,6,0,21,2013-04-06,the experiment
eat to live,joel fuhrman, joel fuhrman,031612091x,9780316120913.0,paperback advice,7,0,90,2013-04-06,"little, brown"
the honest life,jessica alba, jessica alba,1609619110,9781609619114.0,paperback advice,8,0,4,2013-04-06,rodale
clean,alej, alej/ro junger / amely greeven,0062201662,9780062201669.0,paperback advice,9,0,8,2013-04-06,harperone
the happiness project,gretchen rubin, gretchen rubin,006158326x,9780061583261.0,paperback advice,10,0,107,2013-04-06,harper
practical paleo,diane sanfilippo, diane sanfilippo,1936608758,9781936608751.0,paperback advice,11,0,0,2013-04-06,victory belt
the untethered soul,michael a singer, michael a. singer,1572245379,9781572245372.0,paperback advice,12,0,0,2013-04-06,new harbinger/noetic
to heaven and back,mary c neal, mary c. neal,0307731715,9780307731715.0,paperback advice,13,0,0,2013-04-06,waterbrook
outsource smart,daven michaels, daven michaels,0071799796,9780071799799.0,paperback advice,14,0,0,2013-04-06,mcgraw-hill
from mama's table to mine,bob deen, bob deen,0345536630,9780345536631.0,paperback advice,15,0,0,2013-04-06,ballantine
atomic habits,james clear, james clear,0735211299,9780735211292.0,advice how-to and miscellaneous,1,1,169,2023-02-18,avery
the creative act,rick rubin with neil strauss, rick rubin / neil strauss,0593652886,9780593652886.0,advice how-to and miscellaneous,2,3,5,2023-02-18,penguin press
8 rules of love,jay shetty, jay shetty,1982183063,9781982183066.0,advice how-to and miscellaneous,3,2,3,2023-02-18,simon & schuster
"the boy, the mole, the fox and the horse",charlie mackesy, charlie mackesy,0062976583,9780062976581.0,advice how-to and miscellaneous,4,4,168,2023-02-18,harperone
go-to dinners,ina garten, ina garten,1984822799,9781984822796.0,advice how-to and miscellaneous,5,0,16,2023-02-18,clarkson potter
the subtle art of not giving a f*ck,mark manson, mark manson,0062457713,9780062457714.0,advice how-to and miscellaneous,6,5,286,2023-02-18,harper
becoming free indeed,jinger duggar vuolo with corey williams, jinger duggar vuolo / corey williams,1400335817,9781400335817.0,advice how-to and miscellaneous,7,10,3,2023-02-18,thomas nelson
can't hurt me,david goggins, david goggins,1544512279,9781544512273.0,advice how-to and miscellaneous,8,0,32,2023-02-18,lioncrest
atlas of the heart,brené brown, brené brown,0399592555,9780399592553.0,advice how-to and miscellaneous,9,7,54,2023-02-18,random house
never finished,david goggins, david goggins,1544534078,9781544534077.0,advice how-to and miscellaneous,10,0,9,2023-02-18,lioncrest
kindred,"octavia e butler, damian duffy "," octavia e. butler, damian duffy / john jennings",141970947x,9781419709470.0,hardcover graphic books,1,0,1,2017-01-14,abrams
dantdm: trayaurus and the enchanted crystal,"dan middleton, doreen mulryan "," dan middleton, doreen mulryan / mike love",0062574329,9780062574329.0,hardcover graphic books,2,1,12,2017-01-14,harpercollins
batman: the killing joke,alan moore , alan moore / brian boll/,1401216676,9781401216672.0,hardcover graphic books,3,2,239,2017-01-14,dc comics
snow white,matt phelan, matt phelan,0763672335,9780763672331.0,hardcover graphic books,4,5,12,2017-01-14,candlewick
the best american comics 2016,edited  roz chast ,edited  roz chast / bill kartalopoulos,0544750357,9780544750357.0,hardcover graphic books,5,4,15,2017-01-14,houghton mifflin harcourt
nathan hale’s hazardous tales: alamo all–stars,nathan hale, nathan hale,1419719025,9781419719028.0,hardcover graphic books,6,0,32,2017-01-14,abrams
"rolling blackouts: dispatches from turkey, syria and iraq",sarah glidden, sarah glidden,1770462554,9781770462557.0,hardcover graphic books,7,7,7,2017-01-14,drawn & quarterly
star wars: the original trilogy,the staff of the lucas film book group, the staff of the lucas film book group,1484737849,9781484737842.0,hardcover graphic books,8,0,18,2017-01-14,disney-lucasfilm
one hundred nights of hero,isabel greenberg, isabel greenberg,0316259179,9780316259170.0,hardcover graphic books,9,3,3,2017-01-14,"little, brown"
fight club 2,chuck palahniuk , chuck palahniuk / cameron stewart,1616559454,9781616559458.0,hardcover graphic books,10,6,29,2017-01-14,dark horse
ghosts,raina telgemeier, raina telgemeier,0545540623,9780545540629.0,paperback graphic books,1,2,18,2017-01-14,scholastic
drama,raina telgemeier, raina telgemeier,0545326990,9780545326995.0,paperback graphic books,2,3,179,2017-01-14,scholastic
smile,raina telgemeier, raina telgemeier,0545132061,9780545132060.0,paperback graphic books,3,4,240,2017-01-14,scholastic
march: book one,john lewis , john lewis / /rew aydin. illustrated  nate powell,1603093001,9781603093002.0,paperback graphic books,4,9,66,2017-01-14,top shelf productions
love is love,various, various,1631409395,9781631409394.0,paperback graphic books,5,1,2,2017-01-14,idw publishing
fun home,alison bechdel, alison bechdel,0618871713,9780618871711.0,paperback graphic books,6,0,50,2017-01-14,houghton mifflin harcourt
persepolis,marjane satrapi, marjane satrapi,037571457x,9780375714573.0,paperback graphic books,7,7,81,2017-01-14,pantheon
sisters,raina telgemeier, raina telgemeier,0545540607,9780545540605.0,paperback graphic books,8,8,117,2017-01-14,scholastic
the baby-sitters club graphix: kristy's great idea,ann m martin , ann m. martin / raina telgemeier,0545813875,9780545813877.0,paperback graphic books,9,5,77,2017-01-14,scholastic
roller girl,victoria jamieson, victoria jamieson,0803740166,9780803740167.0,paperback graphic books,10,0,37,2017-01-14,dial
"the legend of zelda: legendary edition, vol. 2",akira himekawa, akira himekawa,1421589605,9781421589602.0,manga,1,0,1,2017-01-14,viz media
"one-punch man, vol. 10",one , one / yusuke murata,1421590158,9781421590158.0,manga,2,1,2,2017-01-14,viz media
"the ancient magus' bride, vol. 6",kore yamazaki, kore yamazaki,1626923507,9781626923508.0,manga,3,2,2,2017-01-14,seven seas entertainment
"tokyo ghoul, vol. 1",sui ishida, sui ishida,1421580365,9781421580364.0,manga,4,8,80,2017-01-14,viz media
"the legend of zelda: legendary edition, vol. 1",akira himekawa, akira himekawa,1421589591,9781421589596.0,manga,5,3,11,2017-01-14,viz media
"seraph of the end, vol. 11",takaya kagami , takaya kagami / yamato yamamoto,1421591332,9781421591339.0,manga,6,0,1,2017-01-14,viz media
"tokyo ghoul, vol. 10",sui ishida, sui ishida,1421580454,9781421580456.0,manga,7,4,4,2017-01-14,viz media
"one-punch man, vol. 1",one , one / yusuke murata,1421585642,9781421585642.0,manga,8,9,71,2017-01-14,viz media
"death note black, vol. 1",tsugumi ohba , tsugumi ohba / takeshi obata,1421539640,9781421539645.0,manga,9,0,12,2017-01-14,viz media
"attack on titan, vol. 20",hajime isayama, hajime isayama,1632363097,9781632363091.0,manga,10,7,3,2017-01-14,kodansha comics
the hit,david baldacci, david baldacci,1455521213,9781455521210.0,combined print fiction,1,0,0,2013-04-27,grand central
whiskey beach,nora roberts, nora roberts,0399159894,9780399159893.0,combined print fiction,2,0,0,2013-04-27,putnam
fly away,kristin hannah, kristin hannah,0312577214,9780312577216.0,combined print fiction,3,0,0,2013-04-27,st. martin's
paris,edward rutherfurd, edward rutherfurd,0385535309,9780385535304.0,combined print fiction,4,0,0,2013-04-27,doubleday
life after life,kate atkinson, kate atkinson,0316176486,9780316176484.0,combined print fiction,5,0,0,2013-04-27,reagan arthur books
beautiful ruins,jess walter, jess walter,0061928178,9780061928178.0,combined print fiction,6,0,0,2013-04-27,harper perennial
wedding night,sophie kinsella, sophie kinsella,0812993845,9780812993844.0,combined print fiction,7,0,0,2013-04-27,dial
daddy's gone a hunting,mary higgins clark, mary higgins clark,1451668945,9781451668940.0,combined print fiction,8,0,0,2013-04-27,simon & schuster
gone girl,gillian flynn, gillian flynn,030758836x,9780307588364.0,combined print fiction,9,0,0,2013-04-27,crown
the best of me,nicholas sparks, nicholas sparks,0446547638,9780446547635.0,combined print fiction,10,0,0,2013-04-27,grand central
a game of thrones,george rr martin, george r.r. martin,0553573403,9780553573404.0,combined print fiction,11,0,0,2013-04-27,bantam
world war z,max brooks, max brooks,0307346617,9780307346612.0,combined print fiction,12,0,0,2013-04-27,broadway
fifty shades of grey,e l james, e. l. james,0345803485,9780345803481.0,combined print fiction,13,0,0,2013-04-27,vintage
the black box,michael connelly, michael connelly,1455526959,9781455526956.0,combined print fiction,14,0,0,2013-04-27,grand central
the burgess boys,elizabeth strout, elizabeth strout,1400067685,9781400067688.0,combined print fiction,15,0,0,2013-04-27,random house
the mystery woman,am, am/a quick,0399159096,9780399159091.0,combined print fiction,16,0,0,2013-04-27,putnam
don't go,lisa scottoline, lisa scottoline,1250010071,9781250010070.0,combined print fiction,17,0,0,2013-04-27,st. martin's
calico joe,john grisham, john grisham,0345541332,9780345541338.0,combined print fiction,18,0,0,2013-04-27,dell
the forgotten,david baldacci, david baldacci,1455523151,9781455523153.0,combined print fiction,19,0,0,2013-04-27,grand central
the interestings,meg wolitzer, meg wolitzer,1594488398,9781594488399.0,combined print fiction,20,0,0,2013-04-27,riverhead
let's explore diabetes with owls,david sedaris, david sedaris,0316154695,9780316154697.0,combined print nonfiction,1,0,0,2013-04-27,"little, brown"
lean in,sheryl s, sheryl s/berg / nell scovell,0385349947,9780385349949.0,combined print nonfiction,2,0,0,2013-04-27,knopf
proof of heaven,eben alex, eben alex/er,1451695195,9781451695199.0,combined print nonfiction,3,0,0,2013-04-27,simon & schuster
cooked,michael pollan, michael pollan,1594204217,9781594204210.0,combined print nonfiction,4,0,0,2013-04-27,penguin press
wild,cheryl strayed, cheryl strayed,0307476073,9780307476074.0,combined print nonfiction,5,0,0,2013-04-27,vintage
trident k9 warriors,michael ritl, michael ritl/ / gary brozek,1250024978,9781250024978.0,combined print nonfiction,6,0,0,2013-04-27,st. martin's
waking up in heaven,crystal mcvea, crystal mcvea,1476711879,9781476711874.0,combined print nonfiction,7,0,0,2013-04-27,howard
america the beautiful,ben c carson , ben c. carson / c/y carson,0310330912,9780310330912.0,combined print nonfiction,8,0,0,2013-04-27,zondervan
dirty wars,jeremy scahill, jeremy scahill,156858671x,9781568586717.0,combined print nonfiction,9,0,0,2013-04-27,nation
carrie and me,carol burnett, carol burnett,1476706417,9781476706412.0,combined print nonfiction,10,0,0,2013-04-27,simon & schuster
american sniper,chris kyle with scott mcewen , chris kyle / scott mcewen / jim defelice,0062238868,9780062238863.0,combined print nonfiction,11,0,0,2013-04-27,harper
my next step,dave liniger with laura morton, dave liniger / laura morton,1401943411,9781401943417.0,combined print nonfiction,12,0,0,2013-04-27,hay house
quiet,susan cain, susan cain,0307352153,9780307352156.0,combined print nonfiction,13,0,0,2013-04-27,broadway
the new digital age,eric schmidt , eric schmidt / jared cohen,0307957136,9780307957139.0,combined print nonfiction,14,0,0,2013-04-27,knopf
way of the knife,mark mazzetti, mark mazzetti,1594204802,9781594204807.0,combined print nonfiction,15,0,0,2013-04-27,penguin press
gulp,mary roach, mary roach,0393081575,9780393081572.0,combined print nonfiction,16,0,0,2013-04-27,norton
duck commanders,willie , willie / korie robertson / mark schlabach,147670354x,9781476703541.0,combined print nonfiction,17,0,0,2013-04-27,howard
"thinking, fast and slow",daniel kahneman, daniel kahneman,0374533555,9780374533557.0,combined print nonfiction,18,0,0,2013-04-27,"farrar, straus & giroux"
i'll see you again,jackie hance with janice kaplan, jackie hance / janice kaplan,1451674775,9781451674774.0,combined print nonfiction,19,0,0,2013-04-27,gallery
unbroken,laura hillenbr, laura hillenbr/,1400064163,9781400064168.0,combined print nonfiction,20,0,0,2013-04-27,random house
lego ninjago character encyclopedia,claire sipi, claire sipi,075669812x,9780756698126.0,chapter books,1,0,5,2012-11-24,dk
lincoln's last days,bill o'reilly , bill o'reilly / dwight jon zimmerman,0805096752,9780805096750.0,chapter books,2,0,14,2012-11-24,holt
the fault in our stars,john green, john green,0525478817,9780525478812.0,chapter books,3,0,46,2012-11-24,dutton
the lego ideas book,daniel lipkowitz, daniel lipkowitz,0756686067,9780756686062.0,chapter books,4,0,30,2012-11-24,dk
‘who could that be at this hour?’,lemony snicket, lemony snicket. illustrated  seth,0316123080,9780316123082.0,chapter books,5,0,5,2012-11-24,"little, brown"
wonder,r.j. palacio, r.j. palacio,0375869026,9780375869020.0,chapter books,6,0,35,2012-11-24,knopf
the demigod diaries,rick riordan, rick riordan,1423163001,9781423163008.0,chapter books,7,0,12,2012-11-24,hyperion/disney
insurgent,veronica roth, veronica roth,0062024043,9780062024046.0,chapter books,8,0,29,2012-11-24,katherine tegen/harpercollins
the lego book,daniel lipkowitz, daniel lipkowitz,0756666937,9780756666934.0,chapter books,9,0,1,2012-11-24,dk
lego star wars character encyclopedia,hannah dolan , hannah dolan / others,0756686970,9780756686970.0,chapter books,10,0,23,2012-11-24,dk
the isle of the lost,melissa de la cruz, melissa de la cruz,1484720970,9781484720974.0,childrens middle grade,1,0,14,2015-08-08,disney publishing worldwide
wonder,r.j. palacio, r.j. palacio,0375869026,9780375869020.0,childrens middle grade,2,0,141,2015-08-08,knopf doubleday publishing
mal's spell book,,,1484726383,9781484726389.0,childrens middle grade,3,0,1,2015-08-08,disney publishing worldwide
descendants,adapted  rico green,adapted  rico green,1484726146,9781484726143.0,childrens middle grade,4,0,4,2015-08-08,disney publishing worldwide
a long walk to water,linda sue park, linda sue park,0547577311,9780547577319.0,childrens middle grade,5,0,61,2015-08-08,houghton mifflin harcourt
max,boaz yakin , boaz yakin / sheldon lettich,0062420399,9780062420398.0,childrens middle grade,6,0,3,2015-08-08,harpercollins publishers
the care and keeping of you,valorie schaefer, valorie schaefer. illustrated  josee masse,1609580834,9781609580834.0,childrens middle grade,7,0,106,2015-08-08,american girl publishing
the princess in black,shannon hale , shannon hale / dean hale. illustrated  leuyen pham,0763678880,9780763678883.0,childrens middle grade,8,0,11,2015-08-08,candlewick
counting by 7s,holly goldberg sloan, holly goldberg sloan,014242286x,9780142422861.0,childrens middle grade,9,0,17,2015-08-08,penguin group
jurassic world,david lewman, david lewman,0553536907,9780553536904.0,childrens middle grade,10,0,5,2015-08-08,random house publishing
hitler's last days,bill o'reilly, bill o'reilly,1627793968,9781627793964.0,childrens middle grade,11,0,0,2015-08-08,henry holt & company
serafina and the black cloak,robert beatty, robert beatty,1484709012,9781484709016.0,childrens middle grade,12,0,0,2015-08-08,disney publishing worldwide
the one and only ivan,katherine applegate., katherine applegate. illustrated  patricia castelao,0061992275,9780061992278.0,childrens middle grade,13,0,0,2015-08-08,harpercollins publishers
out of my mind,sharon m. draper, sharon m. draper,1416971718,9781416971719.0,childrens middle grade,14,0,0,2015-08-08,simon & schuster
goodbye stranger,rebecca stead, rebecca stead,0385743173,9780385743174.0,childrens middle grade,15,0,0,2015-08-08,random house publishing
the hammer of thor,rick riordan, rick riordan,none,9781484758595.0,childrens middle grade e-book,1,2,15,2017-01-14,disney-hyperion
wonder,r.j. palacio, r.j. palacio,037589988x,9780375899881.0,childrens middle grade e-book,2,5,58,2017-01-14,knopf
the hidden oracle,rick riordan, rick riordan,none,9781484736678.0,childrens middle grade e-book,3,3,37,2017-01-14,disney-hyperion
the sword of summer,rick riordan, rick riordan,1484719328,9781484719329.0,childrens middle grade e-book,4,0,55,2017-01-14,disney-hyperion
the finisher,david baldacci, david baldacci,none,9780545652360.0,childrens middle grade e-book,5,1,18,2017-01-14,scholastic
wonder,r.j. palacio, r.j. palacio,0375869026,9780375869020.0,childrens middle grade hardcover,1,2,384,2023-02-18,knopf
refugee,alan gratz, alan gratz,0545880831,9780545880831.0,childrens middle grade hardcover,2,1,208,2023-02-18,scholastic
odder,katherine applegate., katherine applegate. illustrated  charles santoso,1250147425,9781250147424.0,childrens middle grade hardcover,3,6,22,2023-02-18,feiwel & friends
two degrees,alan gratz, alan gratz,1338735675,9781338735673.0,childrens middle grade hardcover,4,7,20,2023-02-18,scholastic
the complete cookbook for young chefs,america's test kitchen kids, america's test kitchen kids,1492670022,9781492670025.0,childrens middle grade hardcover,5,5,141,2023-02-18,sourcebooks jabberwocky
little leaders,vashti harrison, vashti harrison,0316475114,9780316475112.0,childrens middle grade hardcover,6,3,75,2023-02-18,"little, brown"
little legends: exceptional men in black history,vashti harrison with kwesi johnson, vashti harrison / kwesi johnson,0316475149,9780316475143.0,childrens middle grade hardcover,7,4,38,2023-02-18,"little, brown"
the windeby puzzle,lois lowry, lois lowry,0358672503,9780358672500.0,childrens middle grade hardcover,8,0,1,2023-02-18,clarion
the swifts,beth lincoln., beth lincoln. illustrated  claire powell,0593533232,9780593533239.0,childrens middle grade hardcover,9,9,2,2023-02-18,dutton
on air with zoe washington,janae marks, janae marks,0063212315,9780063212312.0,childrens middle grade hardcover,10,0,1,2023-02-18,katherine tegen
hidden figures,margot lee shetterly, margot lee shetterly,0062662376,9780062662378.0,childrens middle grade paperback,1,1,6,2017-01-14,harpercollins
a long walk to water,linda sue park, linda sue park,0547577311,9780547577319.0,childrens middle grade paperback,2,2,75,2017-01-14,houghton mifflin harcourt
the one and only ivan,katherine applegate., katherine applegate. illustrated  patricia castelao,0061992275,9780061992278.0,childrens middle grade paperback,3,3,75,2017-01-14,harpercollins
story thieves,james riley, james riley,1481409204,9781481409209.0,childrens middle grade paperback,4,5,23,2017-01-14,aladdin
percy jackson's greek gods,rick riordan, rick riordan. illustrated  john rocco,1484712374,9781484712375.0,childrens middle grade paperback,5,6,26,2017-01-14,disney-hyperion
serafina and the black cloak,robert beatty, robert beatty,1484711874,9781484711873.0,childrens middle grade paperback,6,8,27,2017-01-14,disney-hyperion
escape from mr. lemoncello’s library,chris grabenstein, chris grabenstein,0307931471,9780307931474.0,childrens middle grade paperback,7,7,71,2017-01-14,yearling
the war that saved my life,kimberly brubaker bradley, kimberly brubaker bradley,0147510481,9780147510488.0,childrens middle grade paperback,8,9,22,2017-01-14,puffin
brown girl dreaming,jacqueline woodson, jacqueline woodson,0147515823,9780147515827.0,childrens middle grade paperback,9,10,10,2017-01-14,puffin
out of my mind,sharon m. draper, sharon m. draper,1416971718,9781416971719.0,childrens middle grade paperback,10,4,72,2017-01-14,atheneum
the perks of being a wallflower,stephen chbosky, stephen chbosky,0671027344,9780671027346.0,paperback books,1,0,25,2012-11-24,mtv books/gallery books
one direction: dare to dream,the members of one direction, the members of one direction,0062213423,9780062213426.0,paperback books,2,0,27,2012-11-24,harpercollins
divergent,veronica roth, veronica roth,0062024035,9780062024039.0,paperback books,3,0,39,2012-11-24,katherine tegen/harpercollins
looking for alaska,john green, john green,0142402516,9780142402511.0,paperback books,4,0,18,2012-11-24,speak
"middle school, the worst years of my life",james patterson , james patterson / chris tebbetts,0316101699,9780316101691.0,paperback books,5,0,3,2012-11-24,"little, brown"
the book thief,markus zusak, markus zusak,0375842209,9780375842207.0,paperback books,6,0,272,2012-11-24,knopf
thirteen reasons why,jay asher, jay asher,159514188x,9781595141880.0,paperback books,7,0,72,2012-11-24,razorbill
the absolutely true diary of a part-time indian,sherman alexie., sherman alexie. illustrated  ellen forney,0316013692,9780316013697.0,paperback books,8,0,152,2012-11-24,"little, brown"
wildwood,colin meloy, colin meloy,0062024701,9780062024701.0,paperback books,9,0,9,2012-11-24,balzer & bray/harpercollins
out of my mind,sharon m. draper, sharon m. draper,1416971718,9781416971719.0,paperback books,10,0,24,2012-11-24,atheneum
little blue truck's valentine,alice schertle., alice schertle. illustrated  jill mcelmurry,0358272440,9780358272441.0,picture books,1,1,21,2023-02-18,clarion
love from the very hungry caterpillar,eric carle, eric carle,0448489325,9780448489322.0,picture books,2,2,49,2023-02-18,grosset & dunlap
how to catch a loveosaurus,alice walstead., alice walstead. illustrated  /y elkerton,1728268788,9781728268781.0,picture books,3,3,7,2023-02-18,sourcebooks wonderland
love from the crayons,drew daywalt , drew daywalt / oliver jeffers,1524792683,9781524792688.0,picture books,4,5,20,2023-02-18,penguin workshop
grumpy monkey valentine gross-out,suzanne lang., suzanne lang. illustrated  max lang,0593486927,9780593486924.0,picture books,5,4,7,2023-02-18,random house studio
"when i talk to god, i talk about you",chrissy metz , chrissy metz / bradley collins. illustrated  lisa fields,0593525248,9780593525241.0,picture books,6,0,1,2023-02-18,flamingo
the wonderful things you will be,emily winfield martin, emily winfield martin,0385376715,9780385376716.0,picture books,7,0,340,2023-02-18,random house
in my heart,jo witek., jo witek. illustrated  christine roussey,1419713108,9781419713101.0,picture books,8,7,15,2023-02-18,abrams appleseed
how to catch a leprechaun,adam wallace., adam wallace. illustrated  /y elkerton,1492632910,9781492632917.0,picture books,9,0,28,2023-02-18,sourcebooks jabberwocky
dragons love tacos,adam rubin., adam rubin. illustrated  daniel salmieri,0803736800,9780803736801.0,picture books,10,0,386,2023-02-18,dial
diary of a wimpy kid,,written / illustrated  jeff kinney,141976294x,9781419762949.0,series books,1,2,727,2023-02-18,amulet
a good girl's guide to murder,holly jackson, holly jackson,1984896393,9781984896391.0,series books,2,1,73,2023-02-18,delacorte
harry potter,j.k. rowling, j.k. rowling,059035342x,9780590353427.0,series books,3,3,726,2023-02-18,scholastic
the inheritance games,jennifer lynn barnes, jennifer lynn barnes,0759555400,9780759555402.0,series books,4,5,25,2023-02-18,"little, brown"
the summer i turned pretty trilogy,jenny han, jenny han,1416968296,9781416968290.0,series books,5,7,44,2023-02-18,simon & schuster
the last hours,cass, cass/ra clare,1481431935,9781481431934.0,series books,6,4,3,2023-02-18,margaret k. mcelderry
percy jackson & the olympians,rick riordan, rick riordan,1484707230,9781484707234.0,series books,7,9,661,2023-02-18,disney-hyperion
who was/is . . . ?,jim gigliotti , jim gigliotti / others; various illustrators,0448483203,9780448483207.0,series books,8,6,133,2023-02-18,penguin workshop
captain underpants,,written / illustrated  dav pilkey,1338814494,9781338814491.0,series books,9,0,305,2023-02-18,scholastic
wings of fire,tui t. sutherl, tui t. sutherl/,0545349230,9780545349239.0,series books,10,0,199,2023-02-18,scholastic
paper towns,john green, john green,014241493x,9780142414934.0,young adult,1,0,127,2015-08-08,penguin group
looking for alaska,john green, john green,0142402516,9780142402511.0,young adult,2,0,141,2015-08-08,penguin group
me and earl and the dying girl,jesse , jesse /rews,none,9781419719608.0,young adult,3,0,14,2015-08-08,abrams books
the book thief,markus zusak, markus zusak,0375842209,9780375842207.0,young adult,4,0,129,2015-08-08,knopf doubleday publishing
miss peregrine's home for peculiar children,ransom riggs , ransom riggs / cass/ra jean,1594746036,9781594746031.0,young adult,5,0,108,2015-08-08,quirk books
the fault in our stars,john green, john green,none,9781101569184.0,young adult,6,0,141,2015-08-08,penguin group
the absolutely true diary of a part-time indian,sherman alexie., sherman alexie. illustrated  ellen forney,0316013692,9780316013697.0,young adult,7,0,22,2015-08-08,"little, brown & company"
an abundance of katherines,john green, john green,0142410705,9780142410707.0,young adult,8,0,55,2015-08-08,penguin group
eleanor and park,rainbow rowell, rainbow rowell,1250012570,9781250012579.0,young adult,9,0,60,2015-08-08,st. martin's press
thirteen reasons why,jay asher, jay asher,159514188x,9781595141880.0,young adult,10,0,61,2015-08-08,penguin group
the 5th wave,rick yancey, rick yancey,0142425834,9780142425831.0,young adult,11,0,0,2015-08-08,penguin group
hollow city,ransom riggs, ransom riggs,1594747350,9781594747359.0,young adult,12,0,0,2015-08-08,quirk books
"will grayson, will grayson",john green , john green / david levithan,0142418471,9780142418475.0,young adult,13,0,0,2015-08-08,penguin group
if i stay,gayle forman, gayle forman,014241543x,9780142415436.0,young adult,14,0,0,2015-08-08,penguin group
red queen,victoria aveyard, victoria aveyard,0062310631,9780062310637.0,young adult,15,0,0,2015-08-08,harpercollins publishers
burning glass,kathryn purdie, kathryn purdie,0062412388,9780062412386.0,young adult e-book,1,0,1,2017-01-14,katherine tegen
flamecaster,cinda williams chima, cinda williams chima,0062380966,9780062380968.0,young adult e-book,2,0,2,2017-01-14,harperteen
mistrust,margaret mcheyzer, margaret mcheyzer,none,9780994354792.0,young adult e-book,3,0,1,2017-01-14,margaret mcheyzer
and i darken,kiersten white, kiersten white,0553522337,9780553522334.0,young adult e-book,4,0,1,2017-01-14,delacorte
windwitch,susan dennard, susan dennard,1466867337,9781466867338.0,young adult e-book,5,0,1,2017-01-14,tor teen
nick and charlie,alice oseman, alice oseman,1338885103,9781338885101.0,young adult hardcover,1,2,7,2023-02-18,scholastic
the stolen heir,holly black, holly black,0316592706,9780316592703.0,young adult hardcover,2,3,7,2023-02-18,"little, brown"
five survive,holly jackson, holly jackson,0593374169,9780593374160.0,young adult hardcover,3,4,12,2023-02-18,delacorte
the first to die at the end,adam silvera, adam silvera,0063240807,9780063240803.0,young adult hardcover,4,5,20,2023-02-18,quill tree
one of us is lying,karen m. mcmanus, karen m. mcmanus,1524714682,9781524714680.0,young adult hardcover,5,6,264,2023-02-18,delacorte
the davenports,krystal marquis, krystal marquis,none,9780593696767.0,young adult hardcover,6,7,3,2023-02-18,dial
lightlark,alex aster, alex aster,1419760866,9781419760860.0,young adult hardcover,7,8,26,2023-02-18,amulet
these infinite threads,tahereh mafi, tahereh mafi,0062972472,9780062972477.0,young adult hardcover,8,1,2,2023-02-18,harpercollins
a thousand heartbeats,kiera cass, kiera cass,0062665782,9780062665782.0,young adult hardcover,9,9,10,2023-02-18,harperteen
loveless,alice oseman, alice oseman,133875193x,9781338751932.0,young adult hardcover,10,0,31,2023-02-18,scholastic
the book thief,markus zusak, markus zusak,0375842209,9780375842207.0,young adult paperback,1,3,75,2017-01-14,knopf
a monster calls,patrick ness, patrick ness. illustrated  jim kay,0763660655,9780763660659.0,young adult paperback,2,1,23,2017-01-14,candlewick
thirteen reasons why,jay asher, jay asher,159514188x,9781595141880.0,young adult paperback,3,2,24,2017-01-14,razorbill
the absolutely true diary of a part-time indian,sherman alexie., sherman alexie. illustrated  ellen forney,0316013692,9780316013697.0,young adult paperback,4,6,62,2017-01-14,"little, brown"
red queen,victoria aveyard, victoria aveyard,006231064x,9780062310644.0,young adult paperback,5,4,32,2017-01-14,harperteen
five nights at freddy's: the silver eyes,scott cawthon , scott cawthon / kira breed-wrisley,133813437x,9781338134377.0,young adult paperback,6,5,16,2017-01-14,scholastic
the cabin,natasha preston, natasha preston,1492618551,9781492618553.0,young adult paperback,7,7,18,2017-01-14,sourcebooks fire
before i fall,lauren oliver, lauren oliver,0061726818,9780061726811.0,young adult paperback,8,10,2,2017-01-14,harpercollins
the cellar,natasha preston, natasha preston,1492600970,9781492600978.0,young adult paperback,9,9,19,2017-01-14,sourcebooks fire
passenger,alex, alex/ra bracken,1484732790,9781484732793.0,young adult paperback,10,8,2,2017-01-14,disney-hyperion
i could pee on this,francesco marciuliano, francesco marciuliano,1452110581,9781452110585.0,animals,1,0,0,2016-12-31,chronicle
let me tell you about jasper ...,dana perino, dana perino,1455567108,9781455567102.0,animals,2,0,0,2016-12-31,twelve
h is for hawk,helen macdonald, helen macdonald,0802124739,9780802124739.0,animals,3,0,0,2016-12-31,grove/atlantic
the soul of an octopus,sy montgomery, sy montgomery,1451697724,9781451697728.0,animals,4,0,0,2016-12-31,atria
the eighty-dollar champion,elizabeth letts, elizabeth letts,0345521099,9780345521095.0,animals,5,0,0,2016-12-31,random house
the genius of birds,jennifer ackerman, jennifer ackerman,1594205213,9781594205217.0,animals,6,0,0,2016-12-31,penguin press
the lion in the living room,abigail tucker, abigail tucker,1476738238,9781476738239.0,animals,7,0,0,2016-12-31,simon & schuster
rescue me,richard phibbs, richard phibbs,1597113387,9781597113380.0,animals,8,0,0,2016-12-31,aperture
a street cat named bob,james bowen, james bowen,1250029473,9781250029478.0,animals,9,0,0,2016-12-31,thomas dunne/st. martin's
really important stuff my dog has taught me,cynthia l copel, cynthia l. copel/,0761181792,9780761181798.0,animals,10,0,0,2016-12-31,workman
lessons in chemistry,bonnie garmus, bonnie garmus,0593507533,9780593507537.0,audio fiction,1,0,0,2023-01-28,random house audio
it ends with us,colleen hoover, colleen hoover,1508212694,9781508212690.0,audio fiction,2,0,0,2023-01-28,simon & schuster audio
fairy tale,stephen king, stephen king,,9781797145297.0,audio fiction,3,0,0,2023-01-28,simon & schuster audio
verity,colleen hoover, colleen hoover,,,audio fiction,4,0,0,2023-01-28,audible studios
it starts with us,colleen hoover, colleen hoover,,9781797145082.0,audio fiction,5,0,0,2023-01-28,simon & schuster audio
remarkably bright creatures,shel van pelt, shel van pelt,0063204185,9780063204188.0,audio fiction,6,0,0,2023-01-28,harperaudio
demon copperhead,barbara kingsolver, barbara kingsolver,,9780063252004.0,audio fiction,7,0,0,2023-01-28,harperaudio
"tomorrow, and tomorrow, and tomorrow",gabrielle zevin, gabrielle zevin,0593591631,9780593591635.0,audio fiction,8,0,0,2023-01-28,random house audio
the seven husbands of evelyn hugo,taylor jenkins reid, taylor jenkins reid,,9781508236610.0,audio fiction,9,0,0,2023-01-28,simon & schuster audio
mad honey,jodi picoult , jodi picoult / jennifer finney boylan,0593614100,9780593614105.0,audio fiction,10,0,0,2023-01-28,random house audio
a man called ove,fredrik backman, fredrik backman,,9781797108261.0,audio fiction,11,0,0,2023-01-28,simon & schuster audio
the boys from biloxi,john grisham, john grisham,0593607457,9780593607459.0,audio fiction,12,0,0,2023-01-28,random house audio
the house in the pines,ana reyes, ana reyes,0593626656,9780593626658.0,audio fiction,13,0,0,2023-01-28,penguin audio
local woman missing,mary kubica, mary kubica,,9781488211690.0,audio fiction,14,0,0,2023-01-28,harlequin audio
the cabinet of dr. leng,douglas preston , douglas preston / lincoln child,1549158775,9781549158773.0,audio fiction,15,0,0,2023-01-28,hachette audio
spare,prince harry, prince harry,0593675096,9780593675090.0,audio nonfiction,1,0,0,2023-01-28,random house audio
the light we carry,michelle obama, michelle obama,0593677889,9780593677889.0,audio nonfiction,2,0,0,2023-01-28,random house audio
i'm glad my mom died,jennette mccurdy, jennette mccurdy,,9781797147949.0,audio nonfiction,3,0,0,2023-01-28,simon & schuster audio
"friends, lovers, and the big terrible thing",matthew perry, matthew perry,,9781250867070.0,audio nonfiction,4,0,0,2023-01-28,macmillan audio
the body keeps the score,bessel van der kolk, bessel van der kolk,,9780593412701.0,audio nonfiction,5,0,0,2023-01-28,penguin audio
greenlights,matthew mcconaughey, matthew mcconaughey,,9780593294185.0,audio nonfiction,6,0,0,2023-01-28,random house audio
the end of the world is just the beginning,peter zeihan, peter zeihan,,9780063230491.0,audio nonfiction,7,0,0,2023-01-28,harperaudio
straight shooter,stephen a. smith, stephen a. smith,,9781797152257.0,audio nonfiction,8,0,0,2023-01-28,simon & schuster audio
finding me,viola davis, viola davis,,9780063037342.0,audio nonfiction,9,0,0,2023-01-28,harperaudio
extreme ownership,jocko willink , jocko willink / leif babin,1427264309,9781427264305.0,audio nonfiction,10,0,0,2023-01-28,macmillan audio
sapiens,yuval noah harari, yuval noah harari,0062796232,9780062796233.0,audio nonfiction,11,0,0,2023-01-28,harperaudio
what happened to you?,bruce d. perry , bruce d. perry / oprah winfrey,,9781250260635.0,audio nonfiction,12,0,0,2023-01-28,macmillan audio
surrender,bono, bono,1984841653,9781984841650.0,audio nonfiction,13,0,0,2023-01-28,random house audio
the nazi conspiracy,brad meltzer , brad meltzer / josh mensch,,9781250880833.0,audio nonfiction,14,0,0,2023-01-28,macmillan audio
the myth of normal,gabor maté with daniel maté, gabor maté / daniel maté,059340968x,9780593409688.0,audio nonfiction,15,0,0,2023-01-28,penguin audio
atomic habits,james clear, james clear,0735211299,9780735211292.0,business books,1,0,0,2023-01-28,avery
the creative act,rick rubin with neil strauss, rick rubin / neil strauss,0593652886,9780593652886.0,business books,2,0,0,2023-01-28,penguin press
dare to lead,brené brown, brené brown,0399592520,9780399592522.0,business books,3,0,0,2023-01-28,random house
"thinking, fast and slow",daniel kahneman, daniel kahneman,0374533555,9780374533557.0,business books,4,0,0,2023-01-28,"farrar, straus & giroux"
financial feminist,tori dunlap, tori dunlap,0063260263,9780063260269.0,business books,5,0,0,2023-01-28,dey street
the end of the world is just the beginning,peter zeihan, peter zeihan,006323047x,9780063230477.0,business books,6,0,0,2023-01-28,harper business
extreme ownership,jocko willink , jocko willink / leif babin,1250183863,9781250183866.0,business books,7,0,0,2023-01-28,st. martin's
from strength to strength,arthur c. brooks, arthur c. brooks,059319148x,9780593191484.0,business books,8,0,0,2023-01-28,portfolio
grit,angela duckworth, angela duckworth,1501111116,9781501111112.0,business books,9,0,0,2023-01-28,scribner
stolen focus,johann hari, johann hari,0593138538,9780593138533.0,business books,10,0,0,2023-01-28,crown
the magnolia story,chip gaines , chip gaines / joanna gaines / mark dagostino,0718079183,9780718079185.0,celebrities,1,0,0,2016-12-31,w publishing/thomas nelson
born to run,bruce springsteen, bruce springsteen,1501141511,9781501141515.0,celebrities,2,0,0,2016-12-31,simon & schuster
settle for more,megyn kelly, megyn kelly,0062494600,9780062494603.0,celebrities,3,0,0,2016-12-31,harper/harpercollins
talking as fast as i can,lauren graham, lauren graham,0425285170,9780425285176.0,celebrities,4,0,0,2016-12-31,random house
born a crime,trevor noah, trevor noah,0399588175,9780399588174.0,celebrities,5,0,0,2016-12-31,spiegel & grau
the daily show (the book),chris smith, chris smith,1455565385,9781455565382.0,celebrities,6,0,0,2016-12-31,grand central
the girl with the lower back tattoo,amy schumer, amy schumer,1501139886,9781501139888.0,celebrities,7,0,0,2016-12-31,gallery books
scrappy little nobody,anna kendrick, anna kendrick,1501117203,9781501117206.0,celebrities,8,0,0,2016-12-31,touchstone
the princess diarist,carrie fisher, carrie fisher,0399173595,9780399173592.0,celebrities,9,0,0,2016-12-31,blue rider press
superficial,, /y cohen,1250116481,9781250116482.0,celebrities,10,0,0,2016-12-31,holt
the devil in the white city,erik larson, erik larson,0375725601,9780375725609.0,crime and punishment,1,0,0,2016-12-31,vintage
just mercy,bryan stevenson, bryan stevenson,081298496x,9780812984965.0,crime and punishment,2,0,0,2016-12-31,spiegel & grau
filthy rich,james patterson , james patterson / john connolly / tim malloy,0316274054,9780316274050.0,crime and punishment,3,0,0,2016-12-31,"little, brown"
my own words,ruth bader ginsburg with mary hartnett , ruth bader ginsburg / mary hartnett / wendy w. williams,150114524x,9781501145247.0,crime and punishment,4,0,0,2016-12-31,simon & schuster
notorious rbg,irin carmon , irin carmon / shana knizhnik,0062415832,9780062415837.0,crime and punishment,5,0,0,2016-12-31,dey street/morrow
the midnight assassin,skip holl, skip holl/sworth,0805097686,9780805097689.0,crime and punishment,6,0,0,2016-12-31,holt
adnan's story,rabia chaudry, rabia chaudry,1250087112,9781250087119.0,crime and punishment,7,0,0,2016-12-31,st. martin's
orange is the new black,piper kerman, piper kerman,0385523394,9780385523394.0,crime and punishment,8,0,0,2016-12-31,spiegel & grau
red notice,bill browder, bill browder,1476755744,9781476755748.0,crime and punishment,9,0,0,2016-12-31,simon & schuster
sisters in law,linda hirshman, linda hirshman,0062238477,9780062238474.0,crime and punishment,10,0,0,2016-12-31,harper/harpercollins
hamilton: the revolution,lin-manuel mir, lin-manuel mir/a / jeremy mccarter,1455539740,9781455539741.0,culture,1,0,0,2016-12-31,grand central/melcher media
born a crime,trevor noah, trevor noah,0399588175,9780399588174.0,culture,2,0,0,2016-12-31,spiegel & grau
the daily show (the book),chris smith, chris smith,1455565385,9781455565382.0,culture,3,0,0,2016-12-31,grand central
the case of beasts,mark salisbury, mark salisbury,0062571370,9780062571373.0,culture,4,0,0,2016-12-31,harperdesign
humans of new york: stories,br, br/on stanton,1250058902,9781250058904.0,culture,5,0,0,2016-12-31,st. martin's
sapiens,yuval noah harari, yuval noah harari,0062316095,9780062316097.0,culture,6,0,0,2016-12-31,harper
humans of new york,br, br/on stanton,1250038820,9781250038821.0,culture,7,0,0,2016-12-31,st. martin's
at the existentialist cafe,sarah bakewell, sarah bakewell,1590514882,9781590514887.0,culture,8,0,0,2016-12-31,other press
spqr,mary beard, mary beard,1631492225,9781631492228.0,culture,9,0,0,2016-12-31,liveright
speaking american,josh katz, josh katz,0544703391,9780544703391.0,culture,10,0,0,2016-12-31,houghton mifflin harcourt
"thinking, fast and slow",daniel kahneman, daniel kahneman,0374533555,9780374533557.0,education,1,0,0,2016-12-31,"farrar, straus & giroux"
grit,angela duckworth, angela duckworth,1501111108,9781501111105.0,education,2,0,0,2016-12-31,scribner
thing explainer,r, r/all munroe,0544668251,9780544668256.0,education,3,0,0,2016-12-31,houghton mifflin harcourt
speaking american,josh katz, josh katz,0544703391,9780544703391.0,education,4,0,0,2016-12-31,houghton mifflin harcourt
i am malala,malala yousafzai with christina lamb, malala yousafzai / christina lamb,0316322423,9780316322423.0,education,5,0,0,2016-12-31,"little, brown"
on writing,stephen king, stephen king,1439156816,9781439156810.0,education,6,0,0,2016-12-31,scribner
weapons of math destruction,cathy o'neil, cathy o'neil,0553418815,9780553418811.0,education,7,0,0,2016-12-31,crown
best american nonrequired reading 2016,edited  rachel kushner,edited  rachel kushner,0544812115,9780544812116.0,education,8,0,0,2016-12-31,mariner/houghton mifflin harcourt
how not to be wrong,jordan ellenberg, jordan ellenberg,0143127535,9780143127536.0,education,9,0,0,2016-12-31,penguin
other-wordly,yee-lum mak, yee-lum mak,1452125341,9781452125343.0,education,10,0,0,2016-12-31,chronicle
rogue heroes,ben macintyre, ben macintyre,110190416x,9781101904169.0,espionage,1,0,0,2016-12-31,crown
the secret history of world war ii,neil kagan , neil kagan / stephen g. hyslop,1426217013,9781426217012.0,espionage,2,0,0,2016-12-31,national geographic society
george washington's secret six,brian kilmeade , brian kilmeade / don yaeger,0143130609,9780143130604.0,espionage,3,0,0,2016-12-31,sentinel
the secret war,max hastings, max hastings,0062259296,9780062259295.0,espionage,4,0,0,2016-12-31,harper
secret service dogs,maria goodavage, maria goodavage,1101984732,9781101984734.0,espionage,5,0,0,2016-12-31,dutton
the pigeon tunnel,john le carré, john le carré,0735220778,9780735220775.0,espionage,6,0,0,2016-12-31,viking
red notice,bill browder, bill browder,1476755744,9781476755748.0,espionage,7,0,0,2016-12-31,simon & schuster
the billion dollar spy,david e hoffman, david e. hoffman,0345805976,9780345805973.0,espionage,8,0,0,2016-12-31,anchor
avenue of spies,alex kershaw, alex kershaw,0804140057,9780804140058.0,espionage,9,0,0,2016-12-31,crown
the spy who couldn't spell,yudhijit bhattacharjee, yudhijit bhattacharjee,1592409008,9781592409006.0,espionage,10,0,0,2016-12-31,nal
atlas obscura,"joshua foer, dylan thuras "," joshua foer, dylan thuras / ella morton",0761169083,9780761169086.0,expeditions disasters and adventures,1,0,0,2016-12-31,workman
dead wake,erik larson, erik larson,0307408876,9780307408877.0,expeditions disasters and adventures,2,0,0,2016-12-31,crown
sully,chesley b sullenberger iii with jeffrey zaslow, chesley b. sullenberger iii / jeffrey zaslow,0062561200,9780062561206.0,expeditions disasters and adventures,3,0,0,2016-12-31,morrow/harpercollins
wild,cheryl strayed, cheryl strayed,0307476073,9780307476074.0,expeditions disasters and adventures,4,0,0,2016-12-31,vintage
barbarian days,william finnegan, william finnegan,0143109391,9780143109396.0,expeditions disasters and adventures,5,0,0,2016-12-31,penguin press
the invention of nature,, /rea wulf,0345806298,9780345806291.0,expeditions disasters and adventures,6,0,0,2016-12-31,vintage
the wright brothers,david mccullough, david mccullough,1476728755,9781476728759.0,expeditions disasters and adventures,7,0,0,2016-12-31,simon & schuster
in the heart of the sea,nathaniel philbrick, nathaniel philbrick,none,9781101221570.0,expeditions disasters and adventures,8,0,0,2016-12-31,penguin
the oregon trail,rinker buck, rinker buck,1451659172,9781451659177.0,expeditions disasters and adventures,9,0,0,2016-12-31,simon & schuster
pacific,simon winchester, simon winchester,0062315420,9780062315427.0,expeditions disasters and adventures,10,0,0,2016-12-31,harper
goop clean beauty,the editors of goop, the editors of goop,1455541559,9781455541553.0,fashion manners and customs,1,0,0,2016-12-31,grand central life & style
primates of park avenue,wednesday martin, wednesday martin,1476762716,9781476762715.0,fashion manners and customs,2,0,0,2016-12-31,simon & schuster
how to tie a scarf,the staff of potter style, the staff of potter style,0385344988,9780385344982.0,fashion manners and customs,3,0,0,2016-12-31,potter style
john derian picture book,john derian, john derian,1579656471,9781579656478.0,fashion manners and customs,4,0,0,2016-12-31,artisan
a field guide to redheads,elizabeth graeber,written / illustrated  elizabeth graeber,0761185739,9780761185734.0,fashion manners and customs,5,0,0,2016-12-31,workman
domino,the editors of domino, the editors of domino,1501151878,9781501151873.0,fashion manners and customs,6,0,0,2016-12-31,simon & schuster
unmentionable,therese oneill, therese oneill,031635791x,9780316357913.0,fashion manners and customs,7,0,0,2016-12-31,"little, brown"
peacock and vine,a s byatt, a. s. att,1101947470,9781101947470.0,fashion manners and customs,8,0,0,2016-12-31,knopf
midcentury christmas,sarah archer, sarah archer,1581574029,9781581574029.0,fashion manners and customs,9,0,0,2016-12-31,countryman press
empire of cotton,sven beckert, sven beckert,0375713964,9780375713965.0,fashion manners and customs,10,0,0,2016-12-31,vintage
cooking for jeffrey,ina garten, ina garten,030746489x,9780307464897.0,food and fitness,1,0,0,2016-12-31,clarkson potter
appetites,anthony bourdain with laurie woolever, anthony bourdain / laurie woolever,0062409956,9780062409959.0,food and fitness,2,0,0,2016-12-31,ecco/harpercollins
thug kitchen,the staff of thug kitchen, the staff of thug kitchen,1623363586,9781623363581.0,food and fitness,3,0,0,2016-12-31,rodale
cravings,chrissy teigen with adeena sussman, chrissy teigen / adeena sussman,1101903910,9781101903919.0,food and fitness,4,0,0,2016-12-31,clarkson potter
the whole30 cookbook,melissa hartwig, melissa hartwig,0544854411,9780544854413.0,food and fitness,5,0,0,2016-12-31,houghton mifflin harcourt
skinnytaste fast and slow,gina homolka with heather k jones, gina homolka / heather k. jones,0553459600,9780553459609.0,food and fitness,6,0,0,2016-12-31,clarkson potter
the whole30,melissa hartwig , melissa hartwig / dallas hartwig,0544609719,9780544609716.0,food and fitness,7,0,0,2016-12-31,houghton mifflin harcourt
the lose your belly diet,travis stork, travis stork,1939457599,9781939457592.0,food and fitness,8,0,0,2016-12-31,ghost mountain
the food lab,j kenji lopez-alt, j. kenji lopez-alt,0393081087,9780393081084.0,food and fitness,9,0,0,2016-12-31,norton
alton brown:  everydaycook,alton brown, alton brown,1101885718,9781101885710.0,food and fitness,10,0,0,2016-12-31,ballantine
stress relief coloring book,the adult coloring book designs staff, the adult coloring book designs staff,0692597832,9780692597835.0,games and activities,1,0,0,2016-12-31,adult coloring book designs/twiggler
the lego ideas book,daniel lipkowitz, daniel lipkowitz,0756686067,9780756686062.0,games and activities,2,0,0,2016-12-31,dk publishing
harry potter coloring book,various illustrators, various illustrators,1338029991,9781338029994.0,games and activities,3,0,0,2016-12-31,scholastic
player's handbook,wizards rpg team, wizards rpg team,0786965606,9780786965601.0,games and activities,4,0,0,2016-12-31,wizards of the coast
secret garden,johanna basford,illustrated  johanna basford,1780671067,9781780671062.0,games and activities,5,0,0,2016-12-31,laurence king
enchanted forest,johanna basford,illustrated  johanna basford,1780674880,9781780674889.0,games and activities,6,0,0,2016-12-31,laurence king
lost ocean,johanna basford,illustrated  johanna basford,0143108999,9780143108993.0,games and activities,7,0,0,2016-12-31,penguin
monster manual,wizards rpg team, wizards rpg team,0786965614,9780786965618.0,games and activities,8,0,0,2016-12-31,wizards of the coast
creative haven dazzling dogs coloring book,marjorie sarnat,illustrated  marjorie sarnat,0486803821,9780486803821.0,games and activities,9,0,0,2016-12-31,dover
doctor who coloring book,"illlustrated  james newman gray, lee teng chew ","illlustrated  james newman gray, lee teng chew / jan smith",0399542299,9780399542299.0,games and activities,10,0,0,2016-12-31,price stern sloan/penguin
moon rising,tui t. sutherl, tui t. sutherl/. illustrated  mike holmes,1338730894,9781338730890.0,graphic books and manga,1,0,0,2023-01-28,scholastic
collaborations,dav pilkey, dav pilkey,1338846620,9781338846621.0,graphic books and manga,2,0,0,2023-01-28,scholastic
mary anne's bad luck mystery,ann m. martin., ann m. martin. illustrated  cynthia yuan cheng,1338616102,9781338616101.0,graphic books and manga,3,0,0,2023-01-28,scholastic
karen's birthday,ann m. martin., ann m. martin. illustrated  katy farina,1338762583,9781338762587.0,graphic books and manga,4,0,0,2023-01-28,scholastic
"chainsaw man, vol. 1",tatsuki fujimoto, tatsuki fujimoto,1974709930,9781974709939.0,graphic books and manga,5,0,0,2023-01-28,viz media
jessi's secret language,ann m. martin., ann m. martin. illustrated  chan chau,1338616072,9781338616071.0,graphic books and manga,6,0,0,2023-01-28,scholastic
the dragonet prophecy,tui t. sutherl, tui t. sutherl/. illustrated  mike holmes,0545942152,9780545942157.0,graphic books and manga,7,0,0,2023-01-28,scholastic
"the boy, the mole, the fox and the horse: the animated story",charlie mackesy, charlie mackesy,0063256193,9780063256194.0,graphic books and manga,8,0,0,2023-01-28,harperone
"kaiju no. 8, vol. 5",naoya matsumoto, naoya matsumoto,1974734188,9781974734184.0,graphic books and manga,9,0,0,2023-01-28,viz media
"chainsaw man, vol. 2",tatsuki fujimoto, tatsuki fujimoto,1974709949,9781974709946.0,graphic books and manga,10,0,0,2023-01-28,viz media
"heartstopper, vol. 1",alice oseman, alice oseman,1338617435,9781338617436.0,graphic books and manga,11,0,0,2023-01-28,scholastic
"spy x family, vol. 1",tatsuya endo, tatsuya endo,1974715469,9781974715466.0,graphic books and manga,12,0,0,2023-01-28,viz media
"chainsaw man, vol. 3",tatsuki fujimoto, tatsuki fujimoto,1974709957,9781974709953.0,graphic books and manga,13,0,0,2023-01-28,viz media
"heartstopper, vol. 2",alice oseman, alice oseman,1338617478,9781338617474.0,graphic books and manga,14,0,0,2023-01-28,scholastic
"jujutsu kaisen, vol. 18",gege akutami, gege akutami,1974734390,9781974734399.0,graphic books and manga,15,0,0,2023-01-28,viz media
lean in,sheryl s, sheryl s/berg / nell scovell,0385349947,9780385349949.0,hardcover business books,1,0,0,2013-09-28,knopf
duck commanders,willie , willie / korie robertson / mark schlabach,147670354x,9781476703541.0,hardcover business books,2,0,0,2013-09-28,howard books
before happiness,shawn achor, shawn achor,0770436730,9780770436735.0,hardcover business books,3,0,0,2013-09-28,crown business
looptail,bruce poon tip, bruce poon tip,1455574090,9781455574094.0,hardcover business books,4,0,0,2013-09-28,business plus
great work,david sturt, david sturt,0071818359,9780071818353.0,hardcover business books,5,0,0,2013-09-28,mcgraw-hill
mission in a bottle,seth goldman , seth goldman / barry nalebuff,0770437494,9780770437497.0,hardcover business books,6,0,0,2013-09-28,crown business
system,jeff benedict , jeff benedict / armen keteyian,0385536615,9780385536615.0,hardcover business books,7,0,0,2013-09-28,doubleday
you first,liane davey, liane davey,1118636708,9781118636701.0,hardcover business books,8,0,0,2013-09-28,wiley
value of debt,thomas j , thomas j. /erson,1118758617,9781118758618.0,hardcover business books,9,0,0,2013-09-28,wiley
the power of habit,charles duhigg, charles duhigg,1400069289,9781400069286.0,hardcover business books,10,0,0,2013-09-28,random house
strengths-based leadership,tom rath , tom rath / barry conchie,1595620257,9781595620255.0,hardcover business books,11,0,0,2013-09-28,gallup
total money makeover,dave ramsey, dave ramsey,159555078x,9781595550781.0,hardcover business books,12,0,0,2013-09-28,thomas nelson
winning from within,erica ariel fox, erica ariel fox,0062213024,9780062213020.0,hardcover business books,13,0,0,2013-09-28,harperbusiness
lean startup,eric ries, eric ries,0307887898,9780307887894.0,hardcover business books,14,0,0,2013-09-28,crown business
4-hour workweek,timothy ferriss, timothy ferriss,0307465357,9780307465351.0,hardcover business books,15,0,0,2013-09-28,crown
when breath becomes air,paul kalanithi, paul kalanithi,081298840x,9780812988406.0,health,1,0,0,2016-12-31,random house
the subtle art of not giving a f*ck,mark manson, mark manson,0062457713,9780062457714.0,health,2,0,0,2016-12-31,harperone/harpercollins
the whole30 cookbook,melissa hartwig, melissa hartwig,0544854411,9780544854413.0,health,3,0,0,2016-12-31,houghton mifflin harcourt
the lose your belly diet,travis stork, travis stork,1939457599,9781939457592.0,health,4,0,0,2016-12-31,ghost mountain
the gene,siddhartha mukherjee, siddhartha mukherjee,1476733503,9781476733500.0,health,5,0,0,2016-12-31,scribner
medical medium life-changing foods,anthony william, anthony william,1401948324,9781401948320.0,health,6,0,0,2016-12-31,hay house
green smoothies for life,j j smith, j. j. smith,1501100653,9781501100659.0,health,7,0,0,2016-12-31,atria
the zero sugar diet,david zinczenko with stephen perrine, david zinczenko / stephen perrine,0345547985,9780345547989.0,health,8,0,0,2016-12-31,ballantine
10-day green smoothie cleanse,j j smith, j. j. smith,1501100106,9781501100109.0,health,9,0,0,2016-12-31,atria
being mortal,atul gaw, atul gaw/e,0805095152,9780805095159.0,health,10,0,0,2016-12-31,metropolitan/holt
talking as fast as i can,lauren graham, lauren graham,0425285170,9780425285176.0,humor,1,0,0,2016-12-31,random house
born a crime,trevor noah, trevor noah,0399588175,9780399588174.0,humor,2,0,0,2016-12-31,spiegel & grau
the daily show (the book),chris smith, chris smith,1455565385,9781455565382.0,humor,3,0,0,2016-12-31,grand central
the girl with the lower back tattoo,amy schumer, amy schumer,1501139886,9781501139888.0,humor,4,0,0,2016-12-31,gallery books
scrappy little nobody,anna kendrick, anna kendrick,1501117203,9781501117206.0,humor,5,0,0,2016-12-31,touchstone
superficial,, /y cohen,1250116481,9781250116482.0,humor,6,0,0,2016-12-31,holt
wishful drinking,carrie fisher, carrie fisher,1439153809,9781439153802.0,humor,7,0,0,2016-12-31,simon & schuster
go the -- to sleep,adam mansbach, adam mansbach. illustrated  ricardo cortés,1617750255,9781617750250.0,humor,8,0,0,2016-12-31,akashic
why not me?,mindy kaling, mindy kaling,none,9780804138154.0,humor,9,0,0,2016-12-31,crown archetype
kathy griffin's celebrity run-ins,kathy griffin, kathy griffin,1250115639,9781250115638.0,humor,10,0,0,2016-12-31,flatiron
the heart of everything that is,bob drury , bob drury / tom clavin,1451654685,9781451654684.0,indigenous americans,1,0,0,2015-12-26,simon & schuster
empire of the summer moon,sc gwynne, s.c. gwynne,1416591060,9781416591061.0,indigenous americans,2,0,0,2015-12-26,scribner
bury my heart at wounded knee,dee brown, dee brown,1453275134,9781453275139.0,indigenous americans,3,0,0,2015-12-26,holt
crazy horse and custer,stephen ambrose, stephen ambrose,1497659272,9781497659278.0,indigenous americans,4,0,0,2015-12-26,open road
history of the indian tribes of north america,thomas mckenney , thomas mckenney / james hall. illustrated  charles bird kingl,0785820213,9780785820215.0,indigenous americans,5,0,0,2015-12-26,chartwell books
the undoing project,michael lewis, michael lewis,0393254593,9780393254594.0,relationships,1,0,0,2016-12-31,norton
the five love languages,gary chapman, gary chapman,080241270x,9780802412706.0,relationships,2,0,0,2016-12-31,northfield
uninvited,lysa terkeurst, lysa terkeurst,1400205875,9781400205875.0,relationships,3,0,0,2016-12-31,thomas nelson
daring greatly,brené brown, brené brown,1592408419,9781592408412.0,relationships,4,0,0,2016-12-31,avery
why not me?,mindy kaling, mindy kaling,none,9780804138154.0,relationships,5,0,0,2016-12-31,crown archetype
love warrior,glennon doyle melton, glennon doyle melton,1250075742,9781250075741.0,relationships,6,0,0,2016-12-31,flatiron
modern romance,aziz ansari with eric klinenberg, aziz ansari / eric klinenberg,0143109251,9780143109259.0,relationships,7,0,0,2016-12-31,penguin
bad feminist,roxane gay, roxane gay,none,9780062282729.0,relationships,8,0,0,2016-12-31,harper perennial/harpercollins
tribe,sebastian junger, sebastian junger,145556639x,9781455566396.0,relationships,9,0,0,2016-12-31,twelve
men explain things to me,rebecca solnit, rebecca solnit,1608464660,9781608464661.0,relationships,10,0,0,2016-12-31,haymarket
high stakes,danielle steel, danielle steel,1984821733,9781984821737.0,mass market monthly,1,0,0,2023-01-28,dell
desperation in death,j.d. robb, j.d. robb,1250849713,9781250849717.0,mass market monthly,2,0,0,2023-01-28,st. martin's
21st birthday,james patterson , james patterson / maxine paetro,1538752867,9781538752869.0,mass market monthly,3,0,0,2023-01-28,grand central
a gambling man,david baldacci, david baldacci,1538719657,9781538719657.0,mass market monthly,4,0,0,2023-01-28,grand central
bad luck and trouble,lee child, lee child,0440246016,9780440246015.0,mass market monthly,5,0,0,2023-01-28,dell
tick tock,fern michaels, fern michaels,1420154249,9781420154245.0,mass market monthly,6,0,0,2023-01-28,zebra
recovery road,christine feehan, christine feehan,059343921x,9780593439210.0,mass market monthly,7,0,0,2023-01-28,berkley
the judge's list,john grisham, john grisham,0593157834,9780593157831.0,mass market monthly,8,0,0,2023-01-28,vintage
smoke screen,s, s/ra brown,1982187956,9781982187958.0,mass market monthly,9,0,0,2023-01-28,pocket
preacher's purge,william w. johnstone , william w. johnstone / j.a. johnstone,0786049863,9780786049868.0,mass market monthly,10,0,0,2023-01-28,pinnacle
steal,james patterson , james patterson / howard roughan,1538720752,9781538720752.0,mass market monthly,11,0,0,2023-01-28,grand central
the appeal,john grisham, john grisham,0345532023,9780345532022.0,mass market monthly,12,0,0,2023-01-28,dell
invisible,danielle steel, danielle steel,1984821601,9781984821607.0,mass market monthly,13,0,0,2023-01-28,dell
a slow fire burning,paula hawkins, paula hawkins,059354384x,9780593543849.0,mass market monthly,14,0,0,2023-01-28,riverhead
remember love,mary balogh, mary balogh,0593438140,9780593438145.0,mass market monthly,15,0,0,2023-01-28,berkley
when you trap a tiger,tae keller, tae keller,1524715735,9781524715731.0,middle grade paperback monthly,1,0,0,2023-01-28,yearling
the one and only ivan,katherine applegate., katherine applegate. illustrated  patricia castelao,0061992275,9780061992278.0,middle grade paperback monthly,2,0,0,2023-01-28,harpercollins
the wild robot,peter brown, peter brown,0316382000,9780316382007.0,middle grade paperback monthly,3,0,0,2023-01-28,"little, brown"
a long walk to water,linda sue park, linda sue park,0547577311,9780547577319.0,middle grade paperback monthly,4,0,0,2023-01-28,clarion
restart,gordon korman, gordon korman,1338053809,9781338053807.0,middle grade paperback monthly,5,0,0,2023-01-28,scholastic
wish,barbara o'connor, barbara o'connor,1250144051,9781250144058.0,middle grade paperback monthly,6,0,0,2023-01-28,square fish
a wolf called wander,rosanne parry., rosanne parry. illustrated  mónica armiño,006289594x,9780062895943.0,middle grade paperback monthly,7,0,0,2023-01-28,greenwillow
the one and only bob,katherine applegate., katherine applegate. illustrated  patricia castelao,0062991329,9780062991324.0,middle grade paperback monthly,8,0,0,2023-01-28,harpercollins
out of my mind,sharon m. draper, sharon m. draper,1416971718,9781416971719.0,middle grade paperback monthly,9,0,0,2023-01-28,atheneum
amari and the night brothers,b.b. alston, b.b. alston,006297517x,9780062975171.0,middle grade paperback monthly,10,0,0,2023-01-28,balzer + bray
outliers,malcolm gladwell, malcolm gladwell,0316017930,9780316017930.0,paperback business books,1,0,0,2013-09-28,"back bay/little, brown"
"thinking, fast and slow",daniel kahneman, daniel kahneman,0374533555,9780374533557.0,paperback business books,2,0,0,2013-09-28,"farrar, straus & giroux"
steve jobs,walter isaacson, walter isaacson,1451648545,9781451648546.0,paperback business books,3,0,0,2013-09-28,simon & schuster
convert every click,benji rabhan, benji rabhan,1118759672,9781118759677.0,paperback business books,4,0,0,2013-09-28,wiley
tipping point,malcolm gladwell, malcolm gladwell,0316346624,9780316346627.0,paperback business books,5,0,0,2013-09-28,back bay/little brown
heads in beds,jacob tomsky, jacob tomsky,030794834x,9780307948342.0,paperback business books,6,0,0,2013-09-28,anchor
drive,daniel h pink, daniel h. pink,1594484805,9781594484803.0,paperback business books,7,0,0,2013-09-28,riverhead
freakonomics,steven d levitt , steven d. levitt / stephen j. dubner,0060731338,9780060731335.0,paperback business books,8,0,0,2013-09-28,harper perennial
the checklist manifesto,atul gaw, atul gaw/e,0312430000,9780312430009.0,paperback business books,9,0,0,2013-09-28,picador
why nations fail,daron acemoglu , daron acemoglu / james a. robinson,0307719227,9780307719225.0,paperback business books,10,0,0,2013-09-28,crown business
go the -- to sleep,adam mansbach, adam mansbach. illustrated  ricardo cortés,1617750255,9781617750250.0,family,1,0,0,2016-12-31,akashic
what to expect when you're expecting,heidi murkoff , heidi murkoff / sharon mazel,0761187480,9780761187486.0,family,2,0,0,2016-12-31,workman
love warrior,glennon doyle melton, glennon doyle melton,1250075742,9781250075741.0,family,3,0,0,2016-12-31,flatiron
lucky bastard,joe buck, joe buck,1101984562,9781101984567.0,family,4,0,0,2016-12-31,dutton
goodnight darth vader,jeffrey brown, jeffrey brown,1452128308,9781452128306.0,family,5,0,0,2016-12-31,chronicle
the 36-hour day,nancy l mace , nancy l. mace / peter v. rabins,1455521159,9781455521159.0,family,6,0,0,2016-12-31,grand central life & style
darth vader and son,jeffrey brown, jeffrey brown,145210655x,9781452106557.0,family,7,0,0,2016-12-31,chronicle
h is for hawk,helen macdonald, helen macdonald,0802124739,9780802124739.0,family,8,0,0,2016-12-31,grove
"mother, can you not?",kate siegel, kate siegel,1101907061,9781101907061.0,family,9,0,0,2016-12-31,crown/archetype
girls and sex,peggy orenstein, peggy orenstein,0062209736,9780062209733.0,family,10,0,0,2016-12-31,harper
killing the rising sun,bill o'reilly , bill o'reilly / martin dugard,1627790624,9781627790628.0,hardcover political books,1,0,0,2016-12-31,holt
hillbilly elegy,j.d. vance, j.d. vance,0062300547,9780062300546.0,hardcover political books,2,0,0,2016-12-31,harpercollins
settle for more,megyn kelly, megyn kelly,0062494600,9780062494603.0,hardcover political books,3,0,0,2016-12-31,harper/harpercollins
thank you for being late,thomas l friedman, thomas l. friedman,0374273537,9780374273538.0,hardcover political books,4,0,0,2016-12-31,"farrar, straus & giroux"
all the gallant men,donald stratton with ken gire, donald stratton / ken gire,0062645358,9780062645357.0,hardcover political books,5,0,0,2016-12-31,morrow
our revolution,bernie s, bernie s/ers,1250132924,9781250132925.0,hardcover political books,6,0,0,2016-12-31,thomas dunne/st. martin’s
between the world and me,ta-nehisi coates, ta-nehisi coates,0812993543,9780812993547.0,hardcover political books,7,0,0,2016-12-31,spiegel & grau
white trash,nancy isenberg, nancy isenberg,0670785970,9780670785971.0,hardcover political books,8,0,0,2016-12-31,viking
the new jim crow,michelle alex, michelle alex/er,1595586431,9781595586438.0,hardcover political books,9,0,0,2016-12-31,new press
just mercy,bryan stevenson, bryan stevenson,081298496x,9780812984965.0,hardcover political books,10,0,0,2016-12-31,spiegel & grau
born a crime,trevor noah, trevor noah,0399588175,9780399588174.0,race and civil rights,1,0,0,2016-12-31,spiegel & grau
hidden figures,margot lee shetterly, margot lee shetterly,0062363603,9780062363602.0,race and civil rights,2,0,0,2016-12-31,harpercollins
between the world and me,ta-nehisi coates, ta-nehisi coates,0812993543,9780812993547.0,race and civil rights,3,0,0,2016-12-31,spiegel & grau
the new jim crow,michelle alex, michelle alex/er,1595586431,9781595586438.0,race and civil rights,4,0,0,2016-12-31,new press
just mercy,bryan stevenson, bryan stevenson,081298496x,9780812984965.0,race and civil rights,5,0,0,2016-12-31,spiegel & grau
march trilogy,john lewis , john lewis / /rew aydin. illustrated  nate powell,1603093958,9781603093958.0,race and civil rights,6,0,0,2016-12-31,top shelf productions
march: book one,john lewis , john lewis / /rew aydin. illustrated  nate powell,1603093001,9781603093002.0,race and civil rights,7,0,0,2016-12-31,top shelf productions
misadventures of awkward black girl,issa rae, issa rae,1476749094,9781476749099.0,race and civil rights,8,0,0,2016-12-31,atria / 37 ink
you can't touch my hair,phoebe robinson, phoebe robinson,0143129201,9780143129202.0,race and civil rights,9,0,0,2016-12-31,penguin
stamped from the beginning,ibram x kendi, ibram x. kendi,1568584636,9781568584638.0,race and civil rights,10,0,0,2016-12-31,nation
shaken,tim tebow, tim tebow,0735289867,9780735289864.0,religion spirituality and faith,1,0,0,2016-12-31,waterbrook
the book of joy,the dalai lama , the dalai lama / desmond tutu / douglas abrams,0399185046,9780399185045.0,religion spirituality and faith,2,0,0,2016-12-31,avery
"think better, live better",joel osteen, joel osteen,0892969679,9780892969678.0,religion spirituality and faith,3,0,0,2016-12-31,faith words
the four agreements,don miguel ruiz, don miguel ruiz,1878424319,9781878424310.0,religion spirituality and faith,4,0,0,2016-12-31,amber-allen
uninvited,lysa terkeurst, lysa terkeurst,1400205875,9781400205875.0,religion spirituality and faith,5,0,0,2016-12-31,thomas nelson
the broken way,ann voskamp, ann voskamp,0310318580,9780310318583.0,religion spirituality and faith,6,0,0,2016-12-31,zondervan
the book of mysteries,jonathan cahn, jonathan cahn,162998941x,9781629989419.0,religion spirituality and faith,7,0,0,2016-12-31,frontline
present over perfect,shauna niequist, shauna niequist,0310342996,9780310342991.0,religion spirituality and faith,8,0,0,2016-12-31,zondervan
the power of now,eckhart tolle, eckhart tolle,1577314808,9781577314806.0,religion spirituality and faith,9,0,0,2016-12-31,new world library
the american miracle,michael medved, michael medved,0553447262,9780553447262.0,religion spirituality and faith,10,0,0,2016-12-31,crown forum
sapiens,yuval noah harari, yuval noah harari,0062316117,9780062316110.0,science,1,1,0,2019-08-31,harper perennial
the body keeps the score,bessel van der kolk, bessel van der kolk,0143127748,9780143127741.0,science,2,2,0,2019-08-31,penguin
being mortal,atul gaw, atul gaw/e,1250076226,9781250076229.0,science,3,4,0,2019-08-31,picador
"thinking, fast and slow",daniel kahneman, daniel kahneman,0374533555,9780374533557.0,science,4,6,0,2019-08-31,"farrar, straus & giroux"
the mosquito,timothy c winegard, timothy c. winegard,1524743410,9781524743413.0,science,5,0,0,2019-08-31,dutton
the immortal life of henrietta lacks,rebecca skloot, rebecca skloot,1400052181,9781400052189.0,science,6,7,0,2019-08-31,broadway
dopesick,beth macy, beth macy,0316551309,9780316551304.0,science,7,0,0,2019-08-31,"little, brown"
why we sleep,matthew walker, matthew walker,1501144324,9781501144325.0,science,8,8,0,2019-08-31,scribner
21 lessons for the 21st century,yuval noah harari, yuval noah harari,0525512195,9780525512196.0,science,9,0,0,2019-08-31,spiegel & grau
quiet,susan cain, susan cain,0307352153,9780307352156.0,science,10,10,0,2019-08-31,broadway
range,david epstein, david epstein,0735214484,9780735214484.0,sports,1,0,0,2019-08-31,riverhead
shoe dog,phil knight, phil knight,1501135929,9781501135927.0,sports,2,0,0,2019-08-31,scribner
the sixth man,, /re iguodala / carvell wallace,0525533982,9780525533986.0,sports,3,0,0,2019-08-31,blue rider
the boys in the boat,daniel james brown, daniel james brown,0143125478,9780143125471.0,sports,4,0,0,2019-08-31,penguin
never settle,marty smith, marty smith,1538732998,9781538732991.0,sports,5,0,0,2019-08-31,twelve
wolfpack,ab wambach, ab wambach,1250217709,9781250217707.0,sports,6,0,0,2019-08-31,celadon
barbarian days,william finnegan, william finnegan,0143109391,9780143109396.0,sports,7,0,0,2019-08-31,penguin
if these walls could talk,jerry remy , jerry remy / nick cafardo,1629375454,9781629375458.0,sports,8,0,0,2019-08-31,triumph
for the good of the game,bud selig with phil rogers, bud selig / phil rogers,0062905953,9780062905956.0,sports,9,0,0,2019-08-31,morrow
all the way,joe namath with sean mortimer , joe namath / sean mortimer / don yaeger,0316421103,9780316421102.0,sports,10,0,0,2019-08-31,"little, brown"
atlas obscura,"joshua foer, dylan thuras "," joshua foer, dylan thuras / ella morton",0761169083,9780761169086.0,travel,1,0,0,2016-12-31,workman
humans of new york: stories,br, br/on stanton,1250058902,9781250058904.0,travel,2,0,0,2016-12-31,st. martin's
the road to little dribbling,bill bryson, bill bryson,0804172714,9780804172714.0,travel,3,0,0,2016-12-31,anchor
humans of new york,br, br/on stanton,1250038820,9781250038821.0,travel,4,0,0,2016-12-31,st. martin's
sully,chesley b sullenberger iii with jeffrey zaslow, chesley b. sullenberger iii / jeffrey zaslow,0062561200,9780062561206.0,travel,5,0,0,2016-12-31,morrow/harpercollins
destinations of a lifetime,the staff of national geographic, the staff of national geographic,1426215649,9781426215643.0,travel,6,0,0,2016-12-31,national geographic society
speaking american,josh katz, josh katz,0544703391,9780544703391.0,travel,7,0,0,2016-12-31,houghton mifflin harcourt
wild,cheryl strayed, cheryl strayed,0307476073,9780307476074.0,travel,8,0,0,2016-12-31,knopf
lion,saroo brierley, saroo brierley,0399584692,9780399584695.0,travel,9,0,0,2016-12-31,nal
nonstop metropolis,rebecca solnit , rebecca solnit / joshua jelly-schapiro,0520285956,9780520285958.0,travel,10,0,0,2016-12-31,university of california
girl in pieces,kathleen glasgow, kathleen glasgow,1101934743,9781101934746.0,young adult paperback monthly,1,0,0,2023-01-28,ember
if he had been with me,laura nowlin, laura nowlin,1728205484,9781728205489.0,young adult paperback monthly,2,0,0,2023-01-28,sourcebooks fire
they both die at the end,adam silvera, adam silvera,0062457802,9780062457806.0,young adult paperback monthly,3,0,0,2023-01-28,quill tree
the way i used to be,amber smith, amber smith,1481449362,9781481449366.0,young adult paperback monthly,4,0,0,2023-01-28,margaret k. mcelderry
the book thief,markus zusak, markus zusak,0375842209,9780375842207.0,young adult paperback monthly,5,0,0,2023-01-28,knopf
highly suspicious and unfairly cute,talia hibbert, talia hibbert,0593482352,9780593482353.0,young adult paperback monthly,6,0,0,2023-01-28,joy revolution
better than the movies,lynn painter, lynn painter,1534467637,9781534467637.0,young adult paperback monthly,7,0,0,2023-01-28,simon & schuster
we were liars,e. lockhart, e. lockhart,0385741278,9780385741279.0,young adult paperback monthly,8,0,0,2023-01-28,ember
lore,alex, alex/ra bracken,1484799925,9781484799925.0,young adult paperback monthly,9,0,0,2023-01-28,disney-hyperion
six of crows,leigh bardugo, leigh bardugo,125007696x,9781250076960.0,young adult paperback monthly,10,0,0,2023-01-28,square fish
